111111111 roni g haifa ronig@mail.com
111111112 omer a tlv omer@mail.com
111111113 idan b tlv idan@mail.com
111111114 avi c haifa avi@mail.com
111111115 eitan d haifa eitan@mail.com
111111116 oren e tlv oren@mail.com
111111117 orna f haifa orna@mail.com
111111118 michal g haifa michal@mail.com
111111119 reut h tlv reut@mail.com
111111110 orit i haifa orit@mail.com
11111 adi a tlv adi@mail.com
